{
  "lambdaLayers": [],
  "permissions": {
    "storage": {
      "events": [
        "create",
        "read",
        "update"
      ],
      "orders": [
        "create",
        "read",
        "update"
      ]
    }
  },
  "environmentVariableList": [
    {
      "cloudFormationParameterName": "clientId",
      "environmentVariableName": "CLIENT_ID"
    },
    {
      "cloudFormationParameterName": "clientSecret",
      "environmentVariableName": "CLIENT_SECRET"
    },
    {
      "cloudFormationParameterName": "sendPulseUrl",
      "environmentVariableName": "SEND_PULSE_URL"
    },
    {
      "cloudFormationParameterName": "googleSheetsKey",
      "environmentVariableName": "GOOGLE_SHEETS_KEY"
    }
  ]
}