{
  "lambdaLayers": [],
  "permissions": {
    "storage": {
      "events": [
        "create",
        "read",
        "update"
      ],
      "orders": [
        "create",
        "read",
        "update",
        "delete"
      ]
    }
  },
  "secretNames": [
    "PAYMENT_TOKEN"
  ],
  "environmentVariableList": [
    {
      "cloudFormationParameterName": "paymentUrl",
      "environmentVariableName": "PAYMENT_URL"
    },
    {
      "cloudFormationParameterName": "callbackUrl",
      "environmentVariableName": "CALLBACK_URL"
    }
  ]
}