{
  "AWSTemplateFormatVersion": "2010-09-09",
  "Description": "{\"createdOn\":\"Windows\",\"createdBy\":\"Amplify\",\"createdWith\":\"12.4.0\",\"stackType\":\"function-Lambda\",\"metadata\":{}}",
  "Parameters": {
    "CloudWatchRule": {
      "Type": "String",
      "Default": "NONE",
      "Description": " Schedule Expression"
    },
    "deploymentBucketName": {
      "Type": "String"
    },
    "env": {
      "Type": "String"
    },
    "s3Key": {
      "Type": "String"
    },
    "storageordersName": {
      "Type": "String",
      "Default": "storageordersName"
    },
    "storageordersArn": {
      "Type": "String",
      "Default": "storageordersArn"
    },
    "storageordersStreamArn": {
      "Type": "String",
      "Default": "storageordersStreamArn"
    },
    "secretsPathAmplifyAppId": {
      "Type": "String"
    },
    "apiordersApiName": {
      "Type": "String",
      "Default": "apiordersApiName"
    },
    "apiordersApiId": {
      "Type": "String",
      "Default": "apiordersApiId"
    },
    "storageeventsName": {
      "Type": "String",
      "Default": "storageeventsName"
    },
    "storageeventsArn": {
      "Type": "String",
      "Default": "storageeventsArn"
    },
    "storageeventsStreamArn": {
      "Type": "String",
      "Default": "storageeventsStreamArn"
    },
    "paymentUrl": {
      "Type": "String"
    },
    "callbackUrl": {
      "Type": "String"
    }
  },
  "Conditions": {
    "ShouldNotCreateEnvResources": {
      "Fn::Equals": [
        {
          "Ref": "env"
        },
        "NONE"
      ]
    }
  },
  "Resources": {
    "LambdaFunction": {
      "Type": "AWS::Lambda::Function",
      "Metadata": {
        "aws:asset:path": "./src",
        "aws:asset:property": "Code"
      },
      "Properties": {
        "Code": {
          "S3Bucket": {
            "Ref": "deploymentBucketName"
          },
          "S3Key": {
            "Ref": "s3Key"
          }
        },
        "Handler": "index.handler",
        "FunctionName": {
          "Fn::If": [
            "ShouldNotCreateEnvResources",
            "orders",
            {
              "Fn::Join": [
                "",
                [
                  "orders",
                  "-",
                  {
                    "Ref": "env"
                  }
                ]
              ]
            }
          ]
        },
        "Environment": {
          "Variables": {
            "ENV": {
              "Ref": "env"
            },
            "REGION": {
              "Ref": "AWS::Region"
            },
            "STORAGE_ORDERS_NAME": {
              "Ref": "storageordersName"
            },
            "STORAGE_ORDERS_ARN": {
              "Ref": "storageordersArn"
            },
            "STORAGE_ORDERS_STREAMARN": {
              "Ref": "storageordersStreamArn"
            },
            "PAYMENT_TOKEN": {
              "Fn::Join": [
                "",
                [
                  {
                    "Fn::Sub": [
                      "/amplify/${appId}/${env}/AMPLIFY_${functionName}_",
                      {
                        "appId": {
                          "Ref": "secretsPathAmplifyAppId"
                        },
                        "env": {
                          "Ref": "env"
                        },
                        "functionName": "orders"
                      }
                    ]
                  },
                  "PAYMENT_TOKEN"
                ]
              ]
            },
            "API_ORDERS_APINAME": {
              "Ref": "apiordersApiName"
            },
            "API_ORDERS_APIID": {
              "Ref": "apiordersApiId"
            },
            "STORAGE_EVENTS_NAME": {
              "Ref": "storageeventsName"
            },
            "STORAGE_EVENTS_ARN": {
              "Ref": "storageeventsArn"
            },
            "STORAGE_EVENTS_STREAMARN": {
              "Ref": "storageeventsStreamArn"
            },
            "PAYMENT_URL": {
              "Ref": "paymentUrl"
            },
            "CALLBACK_URL": {
              "Ref": "callbackUrl"
            }
          }
        },
        "Role": {
          "Fn::GetAtt": [
            "LambdaExecutionRole",
            "Arn"
          ]
        },
        "Runtime": "nodejs18.x",
        "Layers": [],
        "Timeout": 25
      }
    },
    "LambdaExecutionRole": {
      "Type": "AWS::IAM::Role",
      "Properties": {
        "RoleName": {
          "Fn::If": [
            "ShouldNotCreateEnvResources",
            "bilanencowebsiteLambdaRole7b1086ba",
            {
              "Fn::Join": [
                "",
                [
                  "bilanencowebsiteLambdaRole7b1086ba",
                  "-",
                  {
                    "Ref": "env"
                  }
                ]
              ]
            }
          ]
        },
        "AssumeRolePolicyDocument": {
          "Version": "2012-10-17",
          "Statement": [
            {
              "Effect": "Allow",
              "Principal": {
                "Service": [
                  "lambda.amazonaws.com"
                ]
              },
              "Action": [
                "sts:AssumeRole"
              ]
            }
          ]
        }
      }
    },
    "lambdaexecutionpolicy": {
      "DependsOn": [
        "LambdaExecutionRole"
      ],
      "Type": "AWS::IAM::Policy",
      "Properties": {
        "PolicyName": "lambda-execution-policy",
        "Roles": [
          {
            "Ref": "LambdaExecutionRole"
          }
        ],
        "PolicyDocument": {
          "Version": "2012-10-17",
          "Statement": [
            {
              "Effect": "Allow",
              "Action": [
                "logs:CreateLogGroup",
                "logs:CreateLogStream",
                "logs:PutLogEvents"
              ],
              "Resource": {
                "Fn::Sub": [
                  "arn:aws:logs:${region}:${account}:log-group:/aws/lambda/${lambda}:log-stream:*",
                  {
                    "region": {
                      "Ref": "AWS::Region"
                    },
                    "account": {
                      "Ref": "AWS::AccountId"
                    },
                    "lambda": {
                      "Ref": "LambdaFunction"
                    }
                  }
                ]
              }
            }
          ]
        }
      }
    },
    "ordersTriggerPolicy": {
      "DependsOn": [
        "LambdaExecutionRole"
      ],
      "Type": "AWS::IAM::Policy",
      "Properties": {
        "PolicyName": "lambda-trigger-policy-orders",
        "Roles": [
          {
            "Ref": "LambdaExecutionRole"
          }
        ],
        "PolicyDocument": {
          "Version": "2012-10-17",
          "Statement": [
            {
              "Effect": "Allow",
              "Action": [
                "dynamodb:DescribeStream",
                "dynamodb:GetRecords",
                "dynamodb:GetShardIterator",
                "dynamodb:ListStreams"
              ],
              "Resource": [
                {
                  "Ref": "storageordersStreamArn"
                }
              ]
            }
          ]
        }
      }
    },
    "ordersTrigger": {
      "Type": "AWS::Lambda::EventSourceMapping",
      "DependsOn": [
        "ordersTriggerPolicy"
      ],
      "Properties": {
        "BatchSize": 100,
        "Enabled": true,
        "EventSourceArn": {
          "Ref": "storageordersStreamArn"
        },
        "FunctionName": {
          "Fn::GetAtt": [
            "LambdaFunction",
            "Arn"
          ]
        },
        "StartingPosition": "LATEST"
      }
    },
    "AmplifyResourcesPolicy": {
      "DependsOn": [
        "LambdaExecutionRole"
      ],
      "Type": "AWS::IAM::Policy",
      "Properties": {
        "PolicyName": "amplify-lambda-execution-policy",
        "Roles": [
          {
            "Ref": "LambdaExecutionRole"
          }
        ],
        "PolicyDocument": {
          "Version": "2012-10-17",
          "Statement": [
            {
              "Effect": "Allow",
              "Action": [
                "dynamodb:Put*",
                "dynamodb:Create*",
                "dynamodb:BatchWriteItem",
                "dynamodb:PartiQLInsert",
                "dynamodb:Get*",
                "dynamodb:BatchGetItem",
                "dynamodb:List*",
                "dynamodb:Describe*",
                "dynamodb:Scan",
                "dynamodb:Query",
                "dynamodb:PartiQLSelect",
                "dynamodb:Update*",
                "dynamodb:RestoreTable*",
                "dynamodb:PartiQLUpdate"
              ],
              "Resource": [
                {
                  "Ref": "storageeventsArn"
                },
                {
                  "Fn::Join": [
                    "/",
                    [
                      {
                        "Ref": "storageeventsArn"
                      },
                      "index/*"
                    ]
                  ]
                }
              ]
            },
            {
              "Effect": "Allow",
              "Action": [
                "dynamodb:Put*",
                "dynamodb:Create*",
                "dynamodb:BatchWriteItem",
                "dynamodb:PartiQLInsert",
                "dynamodb:Get*",
                "dynamodb:BatchGetItem",
                "dynamodb:List*",
                "dynamodb:Describe*",
                "dynamodb:Scan",
                "dynamodb:Query",
                "dynamodb:PartiQLSelect",
                "dynamodb:Update*",
                "dynamodb:RestoreTable*",
                "dynamodb:PartiQLUpdate",
                "dynamodb:Delete*",
                "dynamodb:PartiQLDelete"
              ],
              "Resource": [
                {
                  "Ref": "storageordersArn"
                },
                {
                  "Fn::Join": [
                    "/",
                    [
                      {
                        "Ref": "storageordersArn"
                      },
                      "index/*"
                    ]
                  ]
                }
              ]
            }
          ]
        }
      }
    },
    "AmplifyFunctionSecretsPolicy": {
      "Type": "AWS::IAM::Policy",
      "Properties": {
        "PolicyName": "amplify-function-secrets-policy",
        "Roles": [
          {
            "Ref": "LambdaExecutionRole"
          }
        ],
        "PolicyDocument": {
          "Version": "2012-10-17",
          "Statement": [
            {
              "Effect": "Allow",
              "Action": [
                "ssm:GetParameter",
                "ssm:GetParameters"
              ],
              "Resource": {
                "Fn::Join": [
                  "",
                  [
                    "arn:aws:ssm:",
                    {
                      "Ref": "AWS::Region"
                    },
                    ":",
                    {
                      "Ref": "AWS::AccountId"
                    },
                    ":parameter",
                    {
                      "Fn::Sub": [
                        "/amplify/${appId}/${env}/AMPLIFY_${functionName}_",
                        {
                          "appId": {
                            "Ref": "secretsPathAmplifyAppId"
                          },
                          "env": {
                            "Ref": "env"
                          },
                          "functionName": "orders"
                        }
                      ]
                    },
                    "*"
                  ]
                ]
              }
            }
          ]
        }
      },
      "DependsOn": [
        "LambdaExecutionRole"
      ]
    }
  },
  "Outputs": {
    "Name": {
      "Value": {
        "Ref": "LambdaFunction"
      }
    },
    "Arn": {
      "Value": {
        "Fn::GetAtt": [
          "LambdaFunction",
          "Arn"
        ]
      }
    },
    "Region": {
      "Value": {
        "Ref": "AWS::Region"
      }
    },
    "LambdaExecutionRole": {
      "Value": {
        "Ref": "LambdaExecutionRole"
      }
    },
    "LambdaExecutionRoleArn": {
      "Value": {
        "Fn::GetAtt": [
          "LambdaExecutionRole",
          "Arn"
        ]
      }
    }
  }
}